"Country Name","Country Code","Indicator Name","Indicator Code","1960","1961","1962","1963","1964","1965","1966","1967","1968","1969","1970","1971","1972","1973","1974","1975","1976","1977","1978","1979","1980","1981","1982","1983","1984","1985","1986","1987","1988","1989","1990","1991","1992","1993","1994","1995","1996","1997","1998","1999","2000","2001","2002","2003","2004","2005","2006","2007","2008","2009","2010","2011","2012","2013","2014","2015",
"Aruba","ABW","Research and development expenditure (% of GDP)","GB.XPD.RSDV.GD.ZS","","","","","","","","","","","","","","","","","","","","","","","","","","","","","","","","","","","","","","","","","","","","","","","","","","","","","","","","",
"Andorra","AND","Research and development expenditure (% of GDP)","GB.XPD.RSDV.GD.ZS","","","","","","","","","","","","","","","","","","","","","","","","","","","","","","","","","","","","","","","","","","","","","","","","","","","","","","","","",
"Afghanistan","AFG","Research and development expenditure (% of GDP)","GB.XPD.RSDV.GD.ZS","","","","","","","","","","","","","","","","","","","","","","","","","","","","","","","","","","","","","","","","","","","","","","","","","","","","","","","","",
"Angola","AGO","Research and development expenditure (% of GDP)","GB.XPD.RSDV.GD.ZS","","","","","","","","","","","","","","","","","","","","","","","","","","","","","","","","","","","","","","","","","","","","","","","","","","","","","","","","",
"Albania","ALB","Research and development expenditure (% of GDP)","GB.XPD.RSDV.GD.ZS","","","","","","","","","","","","","","","","","","","","","","","","","","","","","","","","","","","","","","","","","","","","","","","","0.08737","0.15412","","","","","","","",
"Arab World","ARB","Research and development expenditure (% of GDP)","GB.XPD.RSDV.GD.ZS","","","","","","","","","","","","","","","","","","","","","","","","","","","","","","","","","","","","","","","","","","","","","","","","","","","","","","","","",
"United Arab Emirates","ARE","Research and development expenditure (% of GDP)","GB.XPD.RSDV.GD.ZS","","","","","","","","","","","","","","","","","","","","","","","","","","","","","","","","","","","","","","","","","","","","","","","","","","","","0.49071","","","","",
"Argentina","ARG","Research and development expenditure (% of GDP)","GB.XPD.RSDV.GD.ZS","","","","","","","","","","","","","","","","","","","","","","","","","","","","","","","","","","","","","0.41749","0.41959","0.41131","0.45337","0.43884","0.42461","0.38886","0.41013","0.36555","0.37868","0.40033","0.40169","0.42135","0.48292","0.49191","0.51544","0.57942","","","",
"Armenia","ARM","Research and development expenditure (% of GDP)","GB.XPD.RSDV.GD.ZS","","","","","","","","","","","","","","","","","","","","","","","","","","","","","","","","","","","","","","0.18692","0.22601","0.214","0.18463","0.27987","0.25255","0.23971","0.21201","0.25761","0.24057","0.21107","0.22438","0.29093","0.24139","0.27014","0.25438","0.23686","","",
"American Samoa","ASM","Research and development expenditure (% of GDP)","GB.XPD.RSDV.GD.ZS","","","","","","","","","","","","","","","","","","","","","","","","","","","","","","","","","","","","","","","","","","","","","","","","","","","","","","","","",
"Antigua and Barbuda","ATG","Research and development expenditure (% of GDP)","GB.XPD.RSDV.GD.ZS","","","","","","","","","","","","","","","","","","","","","","","","","","","","","","","","","","","","","","","","","","","","","","","","","","","","","","","","",
"Australia","AUS","Research and development expenditure (% of GDP)","GB.XPD.RSDV.GD.ZS","","","","","","","","","","","","","","","","","","","","","","","","","","","","","","","","","","","","","1.6619","","1.51483","","1.57648","","1.75338","","1.85341","","2.18215","","2.40144","","2.38592","2.24915","","","","",
"Austria","AUT","Research and development expenditure (% of GDP)","GB.XPD.RSDV.GD.ZS","","","","","","","","","","","","","","","","","","","","","","","","","","","","","","","","","","","","","1.58431","1.65855","1.73613","1.84929","1.88965","1.99599","2.06993","2.18268","2.17368","2.38324","2.37115","2.4324","2.58557","2.61357","2.74175","2.68125","2.80978","2.81289","2.8345","",
"Azerbaijan","AZE","Research and development expenditure (% of GDP)","GB.XPD.RSDV.GD.ZS","","","","","","","","","","","","","","","","","","","","","","","","","","","","","","","","","","","","","0.23533","0.3695","0.42124","0.39289","0.336","0.34001","0.30155","0.32496","0.29831","0.21994","0.17165","0.17006","0.16554","0.24976","0.21848","0.21084","0.21724","0.21141","","",
"Burundi","BDI","Research and development expenditure (% of GDP)","GB.XPD.RSDV.GD.ZS","","","","","","","","","","","","","","","","","","","","","","","","","","","","","","","","","","","","","","","","","","","","","","","","0.2007","0.15419","0.14434","0.13755","0.12126","","","","",
"Belgium","BEL","Research and development expenditure (% of GDP)","GB.XPD.RSDV.GD.ZS","","","","","","","","","","","","","","","","","","","","","","","","","","","","","","","","","","","","","1.73312","1.79981","1.8291","1.89458","1.92696","2.02546","1.89417","1.83431","1.81112","1.7842","1.81035","1.84222","1.91871","1.97433","2.04719","2.15075","2.24321","2.2808","","",
"Benin","BEN","Research and development expenditure (% of GDP)","GB.XPD.RSDV.GD.ZS","","","","","","","","","","","","","","","","","","","","","","","","","","","","","","","","","","","","","","","","","","","","","","","","","","","","","","","","",
"Burkina Faso","BFA","Research and development expenditure (% of GDP)","GB.XPD.RSDV.GD.ZS","","","","","","","","","","","","","","","","","","","","","","","","","","","","","","","","","","","","","0.15834","0.18104","","","","0.19057","0.33866","0.27119","0.24197","0.17057","","0.11062","0.18634","0.20005","","","","","","",
"Bangladesh","BGD","Research and development expenditure (% of GDP)","GB.XPD.RSDV.GD.ZS","","","","","","","","","","","","","","","","","","","","","","","","","","","","","","","","","","","","","","","","","","","","","","","","","","","","","","","","",
"Bulgaria","BGR","Research and development expenditure (% of GDP)","GB.XPD.RSDV.GD.ZS","","","","","","","","","","","","","","","","","","","","","","","","","","","","","","","","","","","","","0.50866","0.47048","0.4954","0.53561","0.49116","0.44333","0.46642","0.47319","0.47518","0.45129","0.45176","0.43787","0.45709","0.51169","0.58636","0.54768","0.61988","0.64982","","",
"Bahrain","BHR","Research and development expenditure (% of GDP)","GB.XPD.RSDV.GD.ZS","","","","","","","","","","","","","","","","","","","","","","","","","","","","","","","","","","","","","","","","","","","","","","","","","","0.03849","0.03858","0.03764","0.04099","0.04196","","",
"Bahamas, The","BHS","Research and development expenditure (% of GDP)","GB.XPD.RSDV.GD.ZS","","","","","","","","","","","","","","","","","","","","","","","","","","","","","","","","","","","","","","","","","","","","","","","","","","","","","","","","",
"Bosnia and Herzegovina","BIH","Research and development expenditure (% of GDP)","GB.XPD.RSDV.GD.ZS","","","","","","","","","","","","","","","","","","","","","","","","","","","","","","","","","","","","","","","","","","","","0.01854","0.01611","0.02776","0.02018","0.02576","0.01881","0.02148","","","0.27037","0.32721","","",
"Belarus","BLR","Research and development expenditure (% of GDP)","GB.XPD.RSDV.GD.ZS","","","","","","","","","","","","","","","","","","","","","","","","","","","","","","","","","","","","","0.99852","0.73","0.70578","0.84523","0.7221","0.70876","0.6209","0.61147","0.62759","0.67852","0.66065","0.96203","0.74147","0.64269","0.6935","0.7006","0.66705","0.67358","","",
"Belize","BLZ","Research and development expenditure (% of GDP)","GB.XPD.RSDV.GD.ZS","","","","","","","","","","","","","","","","","","","","","","","","","","","","","","","","","","","","","","","","","","","","","","","","","","","","","","","","",
"Bermuda","BMU","Research and development expenditure (% of GDP)","GB.XPD.RSDV.GD.ZS","","","","","","","","","","","","","","","","","","","","","","","","","","","","","","","","","","","","","","0.05885","","","","","","","","","","0.20526","0.2095","0.22217","0.22283","0.26122","0.23115","0.22606","","",
"Bolivia","BOL","Research and development expenditure (% of GDP)","GB.XPD.RSDV.GD.ZS","","","","","","","","","","","","","","","","","","","","","","","","","","","","","","","","","","","","","0.32544","0.31577","0.29495","0.29836","0.28744","0.29358","0.27663","","","","","","","0.157","","","","","","",
"Brazil","BRA","Research and development expenditure (% of GDP)","GB.XPD.RSDV.GD.ZS","","","","","","","","","","","","","","","","","","","","","","","","","","","","","","","","","","","","","","","","","0.99886","1.03166","0.9759","0.99816","0.96296","1.00193","0.98792","1.08227","1.12986","1.12029","1.15963","1.14008","1.15115","","","",
"Barbados","BRB","Research and development expenditure (% of GDP)","GB.XPD.RSDV.GD.ZS","","","","","","","","","","","","","","","","","","","","","","","","","","","","","","","","","","","","","","","","","","","","","","","","","","","","","","","","",
"Brunei Darussalam","BRN","Research and development expenditure (% of GDP)","GB.XPD.RSDV.GD.ZS","","","","","","","","","","","","","","","","","","","","","","","","","","","","","","","","","","","","","","","","","","","0.01592","0.01842","0.03701","","","","","","","","","","","",
"Bhutan","BTN","Research and development expenditure (% of GDP)","GB.XPD.RSDV.GD.ZS","","","","","","","","","","","","","","","","","","","","","","","","","","","","","","","","","","","","","","","","","","","","","","","","","","","","","","","","",
"Botswana","BWA","Research and development expenditure (% of GDP)","GB.XPD.RSDV.GD.ZS","","","","","","","","","","","","","","","","","","","","","","","","","","","","","","","","","","","","","","","","","","","","","","0.53286","","","","","","","0.25229","","","",
"Central African Republic","CAF","Research and development expenditure (% of GDP)","GB.XPD.RSDV.GD.ZS","","","","","","","","","","","","","","","","","","","","","","","","","","","","","","","","","","","","","","","","","","","","","","","","","","","","","","","","",
"Canada","CAN","Research and development expenditure (% of GDP)","GB.XPD.RSDV.GD.ZS","","","","","","","","","","","","","","","","","","","","","","","","","","","","","","","","","","","","","1.6162","1.62374","1.71746","1.76045","1.87185","2.03845","1.99298","1.98508","2.0136","1.98645","1.95566","1.91787","1.86826","1.92265","1.83755","1.7788","1.70956","1.62365","","",
"Central Europe and the Baltics","CEB","Research and development expenditure (% of GDP)","GB.XPD.RSDV.GD.ZS","","","","","","","","","","","","","","","","","","","","","","","","","","","","","","","","","","","","","0.738845429805812","0.755416444399286","0.735550634105789","0.740956817963291","0.744949163726339","0.749760130759858","0.73971305702354","0.730646571920498","0.736754421573701","0.738802054397441","0.754793519015086","0.760799133020991","0.790493439681002","0.836793364866701","0.879973745283445","0.965154759185983","1.06463174319141","1.06358197594938","","",
"Switzerland","CHE","Research and development expenditure (% of GDP)","GB.XPD.RSDV.GD.ZS","","","","","","","","","","","","","","","","","","","","","","","","","","","","","","","","","","","","","2.45208","","","","2.32683","","","","2.67692","","","","2.72858","","","","2.96353","","","",
"Channel Islands","CHI","Research and development expenditure (% of GDP)","GB.XPD.RSDV.GD.ZS","","","","","","","","","","","","","","","","","","","","","","","","","","","","","","","","","","","","","","","","","","","","","","","","","","","","","","","","",
"Chile","CHL","Research and development expenditure (% of GDP)","GB.XPD.RSDV.GD.ZS","","","","","","","","","","","","","","","","","","","","","","","","","","","","","","","","","","","","","","","","","","","","","","","","0.3105","0.37499","0.35291","0.33099","0.35343","0.36479","","","",
"China","CHN","Research and development expenditure (% of GDP)","GB.XPD.RSDV.GD.ZS","","","","","","","","","","","","","","","","","","","","","","","","","","","","","","","","","","","","","0.56513","0.64102","0.64926","0.75276","0.89767","0.94539","1.06411","1.1274","1.22349","1.31793","1.37974","1.38432","1.4573","1.67871","1.7272","1.79438","1.9281","2.01466","","",
"Cote d'Ivoire","CIV","Research and development expenditure (% of GDP)","GB.XPD.RSDV.GD.ZS","","","","","","","","","","","","","","","","","","","","","","","","","","","","","","","","","","","","","","","","","","","","","","","","","","","","","","","","",
"Cameroon","CMR","Research and development expenditure (% of GDP)","GB.XPD.RSDV.GD.ZS","","","","","","","","","","","","","","","","","","","","","","","","","","","","","","","","","","","","","","","","","","","","","","","","","","","","","","","","",
"Congo, Rep.","COG","Research and development expenditure (% of GDP)","GB.XPD.RSDV.GD.ZS","","","","","","","","","","","","","","","","","","","","","","","","","","","","","","","","","","","","","","","","","","","","","","","","","","","","","","","","",
"Colombia","COL","Research and development expenditure (% of GDP)","GB.XPD.RSDV.GD.ZS","","","","","","","","","","","","","","","","","","","","","","","","","","","","","","","","","","","","","0.29923","0.27366","","","0.10603","0.10945","0.11597","0.18038","0.1762","0.17454","0.17265","0.19853","0.21177","0.20887","0.20971","0.21694","0.21574","0.22641","","",
"Comoros","COM","Research and development expenditure (% of GDP)","GB.XPD.RSDV.GD.ZS","","","","","","","","","","","","","","","","","","","","","","","","","","","","","","","","","","","","","","","","","","","","","","","","","","","","","","","","",
"Cabo Verde","CPV","Research and development expenditure (% of GDP)","GB.XPD.RSDV.GD.ZS","","","","","","","","","","","","","","","","","","","","","","","","","","","","","","","","","","","","","","","","","","","","","","","","","","","","0.07264","","","","",
"Costa Rica","CRI","Research and development expenditure (% of GDP)","GB.XPD.RSDV.GD.ZS","","","","","","","","","","","","","","","","","","","","","","","","","","","","","","","","","","","","","0.298","0.29075","0.2574","0.33172","0.38728","","","0.35682","0.37318","","0.43047","0.36417","0.3984","0.54117","0.48261","0.47403","","","","",
"Caribbean small states","CSS","Research and development expenditure (% of GDP)","GB.XPD.RSDV.GD.ZS","","","","","","","","","","","","","","","","","","","","","","","","","","","","","","","","","","","","","","","","","","","","","","","","","","","","","","","","",
"Cuba","CUB","Research and development expenditure (% of GDP)","GB.XPD.RSDV.GD.ZS","","","","","","","","","","","","","","","","","","","","","","","","","","","","","","","","","","","","","0.34736","0.40172","0.50123","0.45831","0.47865","0.56528","0.56445","0.58243","0.60231","0.5492","0.44139","0.43615","0.50061","0.61487","0.60767","0.27192","0.40717","0.47466","","",
"Curacao","CUW","Research and development expenditure (% of GDP)","GB.XPD.RSDV.GD.ZS","","","","","","","","","","","","","","","","","","","","","","","","","","","","","","","","","","","","","","","","","","","","","","","","","","","","","","","","",
"Cayman Islands","CYM","Research and development expenditure (% of GDP)","GB.XPD.RSDV.GD.ZS","","","","","","","","","","","","","","","","","","","","","","","","","","","","","","","","","","","","","","","","","","","","","","","","","","","","","","","","",
"Cyprus","CYP","Research and development expenditure (% of GDP)","GB.XPD.RSDV.GD.ZS","","","","","","","","","","","","","","","","","","","","","","","","","","","","","","","","","","","","","","","0.20407","0.2192","0.22818","0.23852","0.28151","0.32059","0.33869","0.37055","0.38741","0.40431","0.39089","0.45046","0.45218","0.45612","0.42925","0.47519","","",
"Czech Republic","CZE","Research and development expenditure (% of GDP)","GB.XPD.RSDV.GD.ZS","","","","","","","","","","","","","","","","","","","","","","","","","","","","","","","","","","","","","0.89728","0.99715","1.06717","1.05693","1.11636","1.10576","1.10491","1.15119","1.14738","1.17084","1.23372","1.3051","1.24203","1.29722","1.33986","1.56009","1.7877","1.90525","","",
"Germany","DEU","Research and development expenditure (% of GDP)","GB.XPD.RSDV.GD.ZS","","","","","","","","","","","","","","","","","","","","","","","","","","","","","","","","","","","","","2.13894","2.1815","2.21557","2.3373","2.39503","2.38891","2.41872","2.45996","2.42403","2.42574","2.45917","2.44937","2.6009","2.72789","2.71513","2.79725","2.87685","2.85341","","",
"Djibouti","DJI","Research and development expenditure (% of GDP)","GB.XPD.RSDV.GD.ZS","","","","","","","","","","","","","","","","","","","","","","","","","","","","","","","","","","","","","","","","","","","","","","","","","","","","","","","","",
"Dominica","DMA","Research and development expenditure (% of GDP)","GB.XPD.RSDV.GD.ZS","","","","","","","","","","","","","","","","","","","","","","","","","","","","","","","","","","","","","","","","","","","","","","","","","","","","","","","","",
"Denmark","DNK","Research and development expenditure (% of GDP)","GB.XPD.RSDV.GD.ZS","","","","","","","","","","","","","","","","","","","","","","","","","","","","","","","","","","","","","1.80667","1.88914","2.00619","2.12764","","2.32466","2.44145","2.51085","2.42042","2.39254","2.40236","2.51481","2.77951","3.06927","2.93698","2.96625","3.02286","3.05629","","",
"Dominican Republic","DOM","Research and development expenditure (% of GDP)","GB.XPD.RSDV.GD.ZS","","","","","","","","","","","","","","","","","","","","","","","","","","","","","","","","","","","","","","","","","","","","","","","","","","","","","","","","",
"Algeria","DZA","Research and development expenditure (% of GDP)","GB.XPD.RSDV.GD.ZS","","","","","","","","","","","","","","","","","","","","","","","","","","","","","","","","","","","","","","","","","","0.23028","0.3664","0.19623","0.16357","0.06604","","","","","","","","","","",
"East Asia & Pacific (developing only)","EAP","Research and development expenditure (% of GDP)","GB.XPD.RSDV.GD.ZS","","","","","","","","","","","","","","","","","","","","","","","","","","","","","","","","","","","","","0.463219279400657","0.567510775838958","0.632252674914938","0.700595822436767","0.734575386344545","0.804742919823553","0.917196080255721","1.0125055238431","1.1132528893681","1.18837958012066","1.25790966110667","1.25663649486974","1.4237898788264","1.44798497606743","1.69880826614002","1.67730508973702","1.8970631593727","1.84379117868727","","",
"East Asia & Pacific (all income levels)","EAS","Research and development expenditure (% of GDP)","GB.XPD.RSDV.GD.ZS","","","","","","","","","","","","","","","","","","","","","","","","","","","","","","","","","","","","","2.25677055355399","2.32927664100732","2.30288853402502","2.37977008907239","2.31320706770978","2.36444707779086","2.32222221058514","2.4124568948345","2.39251466188412","2.48866130635948","2.47560284530518","2.42223942649606","2.46977160441734","2.34027247552275","2.46119295681197","2.42538073483319","2.552591945055","2.4991171883862","","",
"Europe & Central Asia (developing only)","ECA","Research and development expenditure (% of GDP)","GB.XPD.RSDV.GD.ZS","","","","","","","","","","","","","","","","","","","","","","","","","","","","","","","","","","","","","0.520768332805415","0.605710468893075","0.474874695400418","0.523266287853896","0.500532878287449","0.53469258696327","0.535607816313037","0.506195091715046","0.516464812208049","0.577509426043588","0.550520911613886","0.617658155431152","0.61201572006352","0.672068750306654","0.668586875835731","0.656511706594773","0.69157194559016","0.676800496370815","","",
"Europe & Central Asia (all income levels)","ECS","Research and development expenditure (% of GDP)","GB.XPD.RSDV.GD.ZS","","","","","","","","","","","","","","","","","","","","","","","","","","","","","","","","","","","","","1.67326971130123","1.65672770810328","1.62781227659998","1.71971615381474","1.69665825778839","1.74122536947682","1.71428842822434","1.73593289750571","1.71253063271725","1.66712489525414","1.67364920929073","1.67425871769164","1.73808381360426","1.82768765691078","1.79108947537103","1.80918937479295","1.86580248227047","1.83354337281575","","",
"Ecuador","ECU","Research and development expenditure (% of GDP)","GB.XPD.RSDV.GD.ZS","","","","","","","","","","","","","","","","","","","","","","","","","","","","","","","","","","","","","0.07406","0.06263","0.06517","","","0.0515","0.05534","0.05735","","","0.12863","0.13194","0.22779","0.39463","0.40297","0.33991","","","","",
"Egypt, Arab Rep.","EGY","Research and development expenditure (% of GDP)","GB.XPD.RSDV.GD.ZS","","","","","","","","","","","","","","","","","","","","","","","","","","","","","","","","","","","","","0.2126","0.19756","0.1991","0.18651","0.19247","","","","0.26994","0.24141","0.25903","0.2551","0.27024","0.43312","0.43345","0.53154","0.54103","0.67798","","",
"Euro area","EMU","Research and development expenditure (% of GDP)","GB.XPD.RSDV.GD.ZS","","","","","","","","","","","","","","","","","","","","","","","","","","","","","","","","","","","","","1.73922906193594","1.71270454216634","1.74223911526708","1.76495949629319","1.80513231852352","1.79521026824502","1.83650305099094","1.80391959889396","1.78273028757027","1.77906378642876","1.80133883972772","1.80796643709567","1.89111487959403","1.98654204548359","1.99479071929011","2.03994868847919","2.09507588537532","2.1024772453502","","",
"Eritrea","ERI","Research and development expenditure (% of GDP)","GB.XPD.RSDV.GD.ZS","","","","","","","","","","","","","","","","","","","","","","","","","","","","","","","","","","","","","","","","","","","","","","","","","","","","","","","","",
"Spain","ESP","Research and development expenditure (% of GDP)","GB.XPD.RSDV.GD.ZS","","","","","","","","","","","","","","","","","","","","","","","","","","","","","","","","","","","","","0.78949","0.77964","0.85102","0.84052","0.88495","0.89019","0.96005","1.02219","1.03849","1.09577","1.17217","1.23448","1.31708","1.35136","1.34964","1.31929","1.26916","1.24019","","",
"Estonia","EST","Research and development expenditure (% of GDP)","GB.XPD.RSDV.GD.ZS","","","","","","","","","","","","","","","","","","","","","","","","","","","","","","","","","","","","","","","0.57167","0.68201","0.60011","0.70075","0.71781","0.76868","0.85204","0.92381","1.11696","1.06919","1.26","1.39617","1.58242","2.34365","2.15854","1.73995","","",
"Ethiopia","ETH","Research and development expenditure (% of GDP)","GB.XPD.RSDV.GD.ZS","","","","","","","","","","","","","","","","","","","","","","","","","","","","","","","","","","","","","","","","","","","","","","0.17917","","0.17089","","","0.24137","","","0.60631","","",
"European Union","EUU","Research and development expenditure (% of GDP)","GB.XPD.RSDV.GD.ZS","","","","","","","","","","","","","","","","","","","","","","","","","","","","","","","","","","","","","1.70164785487456","1.72122182887815","1.69651641623822","1.77907577740208","1.74546779841743","1.80290198431793","1.77509495139178","1.79876535017551","1.76311559912384","1.75627393735235","1.77674689709361","1.77895955916374","1.84758843104306","1.93788175413829","1.9306230932731","1.97029317846029","2.0093683180669","2.01544010888175","","",
"Fragile and conflict affected situations","FCS","Research and development expenditure (% of GDP)","GB.XPD.RSDV.GD.ZS","","","","","","","","","","","","","","","","","","","","","","","","","","","","","","","","","","","","","","","","","","","","","","","","","","","","","","","","",
"Finland","FIN","Research and development expenditure (% of GDP)","GB.XPD.RSDV.GD.ZS","","","","","","","","","","","","","","","","","","","","","","","","","","","","","","","","","","","","","2.45311","2.62321","2.78655","3.05603","3.24569","3.19795","3.2574","3.30214","3.31494","3.32976","3.33762","3.34577","3.54708","3.74883","3.72598","3.63881","3.41948","3.30904","","",
"Fiji","FJI","Research and development expenditure (% of GDP)","GB.XPD.RSDV.GD.ZS","","","","","","","","","","","","","","","","","","","","","","","","","","","","","","","","","","","","","","","","","","","","","","","","","","","","","","","","",
"France","FRA","Research and development expenditure (% of GDP)","GB.XPD.RSDV.GD.ZS","","","","","","","","","","","","","","","","","","","","","","","","","","","","","","","","","","","","","2.211","2.13549","2.08415","2.09695","2.08399","2.12914","2.16572","2.11117","2.08636","2.04447","2.04528","2.02003","2.05759","2.2091","2.17509","2.19064","2.23029","2.22811","","",
"Faroe Islands","FRO","Research and development expenditure (% of GDP)","GB.XPD.RSDV.GD.ZS","","","","","","","","","","","","","","","","","","","","","","","","","","","","","","","","","","","","","","","","","","","","0.861169993877411","","","","","","","","","","","","",
"Micronesia, Fed. Sts.","FSM","Research and development expenditure (% of GDP)","GB.XPD.RSDV.GD.ZS","","","","","","","","","","","","","","","","","","","","","","","","","","","","","","","","","","","","","","","","","","","","","","","","","","","","","","","","",
"Gabon","GAB","Research and development expenditure (% of GDP)","GB.XPD.RSDV.GD.ZS","","","","","","","","","","","","","","","","","","","","","","","","","","","","","","","","","","","","","","","","","","","","","","","","0.41633","0.5109","0.57508","","","","","","",
"United Kingdom","GBR","Research and development expenditure (% of GDP)","GB.XPD.RSDV.GD.ZS","","","","","","","","","","","","","","","","","","","","","","","","","","","","","","","","","","","","","1.71444","1.66783","1.67384","1.75755","1.7311","1.72142","1.72112","1.67137","1.61315","1.63427","1.65297","1.68789","1.68839","1.74501","1.69164","1.69253","1.6314","1.62529","","",
"Georgia","GEO","Research and development expenditure (% of GDP)","GB.XPD.RSDV.GD.ZS","","","","","","","","","","","","","","","","","","","","","","","","","","","","","","","","","","","","","0.33088","0.3424","0.35384","0.28769","0.2153","0.23848","0.18574","0.2176","0.2442","0.17658","","","","","","","","0.13139","0.16168","",
"Ghana","GHA","Research and development expenditure (% of GDP)","GB.XPD.RSDV.GD.ZS","","","","","","","","","","","","","","","","","","","","","","","","","","","","","","","","","","","","","","","","","","","","","","","","0.23157","","","0.37655","","","","","",
"Guinea","GIN","Research and development expenditure (% of GDP)","GB.XPD.RSDV.GD.ZS","","","","","","","","","","","","","","","","","","","","","","","","","","","","","","","","","","","","","","","","","","","","","","","","","","","","","","","","",
"Gambia, The","GMB","Research and development expenditure (% of GDP)","GB.XPD.RSDV.GD.ZS","","","","","","","","","","","","","","","","","","","","","","","","","","","","","","","","","","","","","","","","","","","","","","","","","0.02039","0.01748","","0.13221","","","","",
"Guinea-Bissau","GNB","Research and development expenditure (% of GDP)","GB.XPD.RSDV.GD.ZS","","","","","","","","","","","","","","","","","","","","","","","","","","","","","","","","","","","","","","","","","","","","","","","","","","","","","","","","",
"Equatorial Guinea","GNQ","Research and development expenditure (% of GDP)","GB.XPD.RSDV.GD.ZS","","","","","","","","","","","","","","","","","","","","","","","","","","","","","","","","","","","","","","","","","","","","","","","","","","","","","","","","",
"Greece","GRC","Research and development expenditure (% of GDP)","GB.XPD.RSDV.GD.ZS","","","","","","","","","","","","","","","","","","","","","","","","","","","","","","","","","","","","","","0.42864","","0.56641","","0.56024","","0.54756","0.52922","0.57922","0.56126","0.57621","0.66154","0.62584","0.59791","0.66962","0.68876","0.80337","","",
"Grenada","GRD","Research and development expenditure (% of GDP)","GB.XPD.RSDV.GD.ZS","","","","","","","","","","","","","","","","","","","","","","","","","","","","","","","","","","","","","","","","","","","","","","","","","","","","","","","","",
"Greenland","GRL","Research and development expenditure (% of GDP)","GB.XPD.RSDV.GD.ZS","","","","","","","","","","","","","","","","","","","","","","","","","","","","","","","","","","","","","","","","","","0.527409970760345","0.556280016899109","0.555169999599457","0.715810000896454","","","","","","","","","","","",
"Guatemala","GTM","Research and development expenditure (% of GDP)","GB.XPD.RSDV.GD.ZS","","","","","","","","","","","","","","","","","","","","","","","","","","","","","","","","","","","","","","","","","","","","","","0.035","0.0493","0.06674","0.06188","0.0553","0.0435","0.04814","0.04471","","","",
"Guam","GUM","Research and development expenditure (% of GDP)","GB.XPD.RSDV.GD.ZS","","","","","","","","","","","","","","","","","","","","","","","","","","","","","","","","","","","","","","","","","","","","","","","","","","","","","","","","",
"Guyana","GUY","Research and development expenditure (% of GDP)","GB.XPD.RSDV.GD.ZS","","","","","","","","","","","","","","","","","","","","","","","","","","","","","","","","","","","","","","","","","","","","","","","","","","","","","","","","",
"High income","HIC","Research and development expenditure (% of GDP)","GB.XPD.RSDV.GD.ZS","","","","","","","","","","","","","","","","","","","","","","","","","","","","","","","","","","","","","2.14167782439069","2.16458093889892","2.17453574470803","2.24959468705366","2.31201621506116","2.34232417884104","2.29444766997339","2.26298265432682","2.20647415456854","2.21467723167417","2.23281295457617","2.22865413811862","2.29663908110771","2.37547910421326","2.35997025269124","2.36287437626786","2.42076110046217","","","",
"Hong Kong SAR, China","HKG","Research and development expenditure (% of GDP)","GB.XPD.RSDV.GD.ZS","","","","","","","","","","","","","","","","","","","","","","","","","","","","","","","","","","","","","","","0.4283","0.45767","0.46493","0.53645","0.58147","0.68027","0.72176","0.77343","0.79468","0.75161","0.71996","0.77342","0.74946","0.72086","0.72733","","","",
"Honduras","HND","Research and development expenditure (% of GDP)","GB.XPD.RSDV.GD.ZS","","","","","","","","","","","","","","","","","","","","","","","","","","","","","","","","","","","","","","","","","0.04453","0.03834","0.04181","0.04215","0.04155","","","","","","","","","","","",
"Heavily indebted poor countries (HIPC)","HPC","Research and development expenditure (% of GDP)","GB.XPD.RSDV.GD.ZS","","","","","","","","","","","","","","","","","","","","","","","","","","","","","","","","","","","","","","","","","","","","","","","","","","","","","","","","",
"Croatia","HRV","Research and development expenditure (% of GDP)","GB.XPD.RSDV.GD.ZS","","","","","","","","","","","","","","","","","","","","","","","","","","","","","","","","","","","","","","","","0.8404","1.0441","0.91644","0.94811","0.95059","1.0308","0.85558","0.74009","0.79225","0.88413","0.84425","0.74469","0.75237","0.75113","0.81421","","",
"Haiti","HTI","Research and development expenditure (% of GDP)","GB.XPD.RSDV.GD.ZS","","","","","","","","","","","","","","","","","","","","","","","","","","","","","","","","","","","","","","","","","","","","","","","","","","","","","","","","",
"Hungary","HUN","Research and development expenditure (% of GDP)","GB.XPD.RSDV.GD.ZS","","","","","","","","","","","","","","","","","","","","","","","","","","","","","","","","","","","","","0.63311","0.70232","0.65925","0.67333","0.79277","0.91679","0.98709","0.92476","0.86794","0.93037","0.99004","0.96551","0.98848","1.14292","1.15123","1.20042","1.2739","1.40755","","",
"Indonesia","IDN","Research and development expenditure (% of GDP)","GB.XPD.RSDV.GD.ZS","","","","","","","","","","","","","","","","","","","","","","","","","","","","","","","","","","","","","","","","","0.06769","0.04756","","","","","","","","0.08332","","","","0.08489","","",
"Isle of Man","IMN","Research and development expenditure (% of GDP)","GB.XPD.RSDV.GD.ZS","","","","","","","","","","","","","","","","","","","","","","","","","","","","","","","","","","","","","","","","","","","","","","","","","","","","","","","","",
"India","IND","Research and development expenditure (% of GDP)","GB.XPD.RSDV.GD.ZS","","","","","","","","","","","","","","","","","","","","","","","","","","","","","","","","","","","","","0.62804","0.67485","0.69166","0.71165","0.74395","0.72323","0.71316","0.70689","0.74385","0.81044","0.79722","0.7908","0.84108","0.81881","0.79718","0.82224","","","","",
"Not classified","INX","Research and development expenditure (% of GDP)","GB.XPD.RSDV.GD.ZS","","","","","","","","","","","","","","","","","","","","","","","","","","","","","","","","","","","","","","","","","","","","","","","","","","","","","","","","",
"Ireland","IRL","Research and development expenditure (% of GDP)","GB.XPD.RSDV.GD.ZS","","","","","","","","","","","","","","","","","","","","","","","","","","","","","","","","","","","","","1.27316","1.24575","1.21324","1.15514","1.09082","1.05966","1.06215","1.13008","1.18376","1.2001","1.20642","1.2361","1.39434","1.6272","1.61858","1.53301","1.57645","","","",
"Iran, Islamic Rep.","IRN","Research and development expenditure (% of GDP)","GB.XPD.RSDV.GD.ZS","","","","","","","","","","","","","","","","","","","","","","","","","","","","","","","","","","","","","","","","","","0.55195","0.54754","0.67451","0.58742","0.73454","0.61405","","0.7488","0.31296","0.3073","","","","","",
"Iraq","IRQ","Research and development expenditure (% of GDP)","GB.XPD.RSDV.GD.ZS","","","","","","","","","","","","","","","","","","","","","","","","","","","","","","","","","","","","","","","","","","","","","","","","0.04554","0.03435","0.04562","0.03684","0.03476","","","","",
"Iceland","ISL","Research and development expenditure (% of GDP)","GB.XPD.RSDV.GD.ZS","","","","","","","","","","","","","","","","","","","","","","","","","","","","","","","","","","","","","","1.78603","1.95415","2.24272","2.59437","2.87046","2.86219","2.73057","","2.68838","2.91342","2.55724","2.53065","2.66409","","2.49097","","","","",
"Israel","ISR","Research and development expenditure (% of GDP)","GB.XPD.RSDV.GD.ZS","","","","","","","","","","","","","","","","","","","","","","","","","","","","","","","","","","","","","2.61036","2.84023","2.94283","3.35399","3.95997","4.22244","4.17366","3.93955","3.91553","4.08565","4.19002","4.47954","4.38661","4.15274","3.95527","4.10215","4.24693","4.21329","","",
"Italy","ITA","Research and development expenditure (% of GDP)","GB.XPD.RSDV.GD.ZS","","","","","","","","","","","","","","","","","","","","","","","","","","","","","","","","","","","","","0.94808","0.98958","1.00746","0.98298","1.00506","1.04449","1.08437","1.06152","1.05265","1.04661","1.08646","1.13217","1.16311","1.22066","1.22221","1.20881","1.2694","1.25528","","",
"Jamaica","JAM","Research and development expenditure (% of GDP)","GB.XPD.RSDV.GD.ZS","","","","","","","","","","","","","","","","","","","","","","","","","","","","","","","","","","","","","","","","","","0.04959","0.06096","","","","","","","","","","","","","",
"Jordan","JOR","Research and development expenditure (% of GDP)","GB.XPD.RSDV.GD.ZS","","","","","","","","","","","","","","","","","","","","","","","","","","","","","","","","","","","","","","","","","","","0.33696","","","","","","0.4347","","","","","","","",
"Japan","JPN","Research and development expenditure (% of GDP)","GB.XPD.RSDV.GD.ZS","","","","","","","","","","","","","","","","","","","","","","","","","","","","","","","","","","","","","2.76501","2.82761","2.9602","2.97734","3.00169","3.07448","3.11562","3.14388","3.1332","3.3087","3.4091","3.46142","3.46706","3.35734","3.25394","3.38313","3.34314","3.47409","","",
"Kazakhstan","KAZ","Research and development expenditure (% of GDP)","GB.XPD.RSDV.GD.ZS","","","","","","","","","","","","","","","","","","","","","","","","","","","","","","","","","","","","","","0.29337","0.22039","0.18383","0.18104","0.22009","0.25509","0.25246","0.24837","0.28361","0.24281","0.20884","0.21654","0.22924","0.15341","0.15723","0.16889","0.17483","","",
"Kenya","KEN","Research and development expenditure (% of GDP)","GB.XPD.RSDV.GD.ZS","","","","","","","","","","","","","","","","","","","","","","","","","","","","","","","","","","","","","","","","","","","","","","","","0.35521","","","0.78578","","","","","",
"Kyrgyz Republic","KGZ","Research and development expenditure (% of GDP)","GB.XPD.RSDV.GD.ZS","","","","","","","","","","","","","","","","","","","","","","","","","","","","","","","","","","","","","","0.1939","0.21064","0.17992","0.15637","0.17189","0.1981","0.22272","0.19926","0.19861","0.23014","0.23425","0.19017","0.15997","0.15547","0.15633","","","","",
"Cambodia","KHM","Research and development expenditure (% of GDP)","GB.XPD.RSDV.GD.ZS","","","","","","","","","","","","","","","","","","","","","","","","","","","","","","","","","","","","","","","","","","","0.0498","","","","","","","","","","","","","",
"Kiribati","KIR","Research and development expenditure (% of GDP)","GB.XPD.RSDV.GD.ZS","","","","","","","","","","","","","","","","","","","","","","","","","","","","","","","","","","","","","","","","","","","","","","","","","","","","","","","","",
"St. Kitts and Nevis","KNA","Research and development expenditure (% of GDP)","GB.XPD.RSDV.GD.ZS","","","","","","","","","","","","","","","","","","","","","","","","","","","","","","","","","","","","","","","","","","","","","","","","","","","","","","","","",
"Korea, Rep.","KOR","Research and development expenditure (% of GDP)","GB.XPD.RSDV.GD.ZS","","","","","","","","","","","","","","","","","","","","","","","","","","","","","","","","","","","","","2.24098","2.28548","2.14865","2.06208","2.18023","2.34108","2.27382","2.3515","2.53248","2.62617","2.83066","3.00035","3.12343","3.29324","3.46594","3.74361","4.02554","4.14853","","",
"Kosovo","KSV","Research and development expenditure (% of GDP)","GB.XPD.RSDV.GD.ZS","","","","","","","","","","","","","","","","","","","","","","","","","","","","","","","","","","","","","","","","","","","","","","","","","","","","","","","","",
"Kuwait","KWT","Research and development expenditure (% of GDP)","GB.XPD.RSDV.GD.ZS","","","","","","","","","","","","","","","","","","","","","","","","","","","","","","","","","","","","","","0.20539","0.25795","0.19764","0.12543","0.17882","0.18001","0.14347","0.1301","0.10083","0.08478","0.08585","0.0855","0.1122","0.1014","0.09899","0.09721","0.29869","","",
"Latin America & Caribbean (developing only)","LAC","Research and development expenditure (% of GDP)","GB.XPD.RSDV.GD.ZS","","","","","","","","","","","","","","","","","","","","","","","","","","","","","","","","","","","","","","","","","0.585715934101824","0.564477736695786","0.54494071057952","0.579907034788927","0.592291058477979","0.649144063872525","0.634785151579899","0.695119211173914","0.75193897252331","0.783594951864457","0.837951077015372","0.817086956750516","0.826893880073619","","","",
"Lao PDR","LAO","Research and development expenditure (% of GDP)","GB.XPD.RSDV.GD.ZS","","","","","","","","","","","","","","","","","","","","","","","","","","","","","","","","","","","","","","","","","","","0.0371","","","","","","","","","","","","","",
"Lebanon","LBN","Research and development expenditure (% of GDP)","GB.XPD.RSDV.GD.ZS","","","","","","","","","","","","","","","","","","","","","","","","","","","","","","","","","","","","","","","","","","","","","","","","","","","","","","","","",
"Liberia","LBR","Research and development expenditure (% of GDP)","GB.XPD.RSDV.GD.ZS","","","","","","","","","","","","","","","","","","","","","","","","","","","","","","","","","","","","","","","","","","","","","","","","","","","","","","","","",
"Libya","LBY","Research and development expenditure (% of GDP)","GB.XPD.RSDV.GD.ZS","","","","","","","","","","","","","","","","","","","","","","","","","","","","","","","","","","","","","","","","","","","","","","","","","","","","","","","","",
"St. Lucia","LCA","Research and development expenditure (% of GDP)","GB.XPD.RSDV.GD.ZS","","","","","","","","","","","","","","","","","","","","","","","","","","","","","","","","","","","","","","","0.76588","0.3644","","","","","","","","","","","","","","","","",
"Latin America & Caribbean (all income levels)","LCN","Research and development expenditure (% of GDP)","GB.XPD.RSDV.GD.ZS","","","","","","","","","","","","","","","","","","","","","","","","","","","","","","","","","","","","","","","","","0.556929599316484","0.541563870281068","0.530760569673901","0.563851368846157","0.567333102094114","0.618458058731016","0.606094347017917","0.641051455067915","0.692758362973921","0.718267001723428","0.771016863587418","0.756424474533948","0.764210691330524","","","",
"Least developed countries: UN classification","LDC","Research and development expenditure (% of GDP)","GB.XPD.RSDV.GD.ZS","","","","","","","","","","","","","","","","","","","","","","","","","","","","","","","","","","","","","","","","","","","","","","","","","","","","","","","","",
"Low income","LIC","Research and development expenditure (% of GDP)","GB.XPD.RSDV.GD.ZS","","","","","","","","","","","","","","","","","","","","","","","","","","","","","","","","","","","","","","","","","","","","","","","","","","","","","","","","",
"Liechtenstein","LIE","Research and development expenditure (% of GDP)","GB.XPD.RSDV.GD.ZS","","","","","","","","","","","","","","","","","","","","","","","","","","","","","","","","","","","","","","","","","","","","","","","","","","","","","","","","",
"Sri Lanka","LKA","Research and development expenditure (% of GDP)","GB.XPD.RSDV.GD.ZS","","","","","","","","","","","","","","","","","","","","","","","","","","","","","","","","","","","","","0.18356","","","","0.14392","","","","0.1821","","0.1742","","0.11444","","0.15664","","","","","",
"Lower middle income","LMC","Research and development expenditure (% of GDP)","GB.XPD.RSDV.GD.ZS","","","","","","","","","","","","","","","","","","","","","","","","","","","","","","","","","","","","","","","","","0.486892949341955","","","","","","","0.620438715382083","","0.577920783505659","","","","","","",
"Low & middle income","LMY","Research and development expenditure (% of GDP)","GB.XPD.RSDV.GD.ZS","","","","","","","","","","","","","","","","","","","","","","","","","","","","","","","","","","","","","","","","","0.630624015130464","0.659639440621214","0.700639305402983","0.751421971839127","0.789960825132115","0.842531747670525","0.877735662409381","0.889381145826041","0.990585072661617","1.05410029218295","1.13969097246705","1.19502383392017","1.41633758970281","","","",
"Lesotho","LSO","Research and development expenditure (% of GDP)","GB.XPD.RSDV.GD.ZS","","","","","","","","","","","","","","","","","","","","","","","","","","","","","","","","","","","","","","","","","","","0.04943","0.05131","0.06773","","","","","0.0296","","0.01283","","","","",
"Lithuania","LTU","Research and development expenditure (% of GDP)","GB.XPD.RSDV.GD.ZS","","","","","","","","","","","","","","","","","","","","","","","","","","","","","","","","","","","","","0.489140003919601","0.536149978637695","0.54312002658844","0.502080023288727","0.590179979801178","0.671920001506805","0.661989986896515","0.670300006866455","0.75067","0.74741","0.79119","0.80092","0.78844","0.82967","0.78421","0.90471","0.89562","0.95099","","",
"Luxembourg","LUX","Research and development expenditure (% of GDP)","GB.XPD.RSDV.GD.ZS","","","","","","","","","","","","","","","","","","","","","","","","","","","","","","","","","","","","","","","","","1.57381","","","1.65178","1.62499","1.58541","1.692","1.64547","1.64914","1.71852","1.50264","1.41092","1.15605","1.15514","","",
"Latvia","LVA","Research and development expenditure (% of GDP)","GB.XPD.RSDV.GD.ZS","","","","","","","","","","","","","","","","","","","","","","","","","","","","","","","","","","","","","0.39616","0.3451","0.35819","0.31648","0.35057","0.32255","0.33879","0.32827","0.37671","0.52435","0.64542","0.55302","0.58015","0.45296","0.60816","0.70027","0.65434","0.59961","","",
"Macao SAR, China","MAC","Research and development expenditure (% of GDP)","GB.XPD.RSDV.GD.ZS","","","","","","","","","","","","","","","","","","","","","","","","","","","","","","","","","","","","","","","","","","0.06554","0.07318","0.06496","0.05545","0.09033","0.08463","0.05806","0.1025","0.05477","0.04991","0.04453","0.04811","0.05139","","",
"St. Martin (French part)","MAF","Research and development expenditure (% of GDP)","GB.XPD.RSDV.GD.ZS","","","","","","","","","","","","","","","","","","","","","","","","","","","","","","","","","","","","","","","","","","","","","","","","","","","","","","","","",
"Morocco","MAR","Research and development expenditure (% of GDP)","GB.XPD.RSDV.GD.ZS","","","","","","","","","","","","","","","","","","","","","","","","","","","","","","","","","","","","","","","0.2856","","","0.63473","0.54955","0.65909","","","0.63568","","","","0.7338","","","","","",
"Monaco","MCO","Research and development expenditure (% of GDP)","GB.XPD.RSDV.GD.ZS","","","","","","","","","","","","","","","","","","","","","","","","","","","","","","","","","","","","","","","","","","","","","0.03719","0.03752","","","","","","","","","","",
"Moldova","MDA","Research and development expenditure (% of GDP)","GB.XPD.RSDV.GD.ZS","","","","","","","","","","","","","","","","","","","","","","","","","","","","","","","","","","","","","0.87295","0.80679","","","","","","0.32405","0.34903","0.39865","0.40622","0.54558","0.53463","0.52557","0.43987","0.40499","0.41733","0.35419","","",
"Madagascar","MDG","Research and development expenditure (% of GDP)","GB.XPD.RSDV.GD.ZS","","","","","","","","","","","","","","","","","","","","","","","","","","","","","","","","","","","","","","0.22032","0.11044","0.096","0.11976","0.21821","0.24552","0.33841","0.22353","0.17552","0.16371","0.14037","0.13404","0.14683","0.11324","0.10588","","","","",
"Maldives","MDV","Research and development expenditure (% of GDP)","GB.XPD.RSDV.GD.ZS","","","","","","","","","","","","","","","","","","","","","","","","","","","","","","","","","","","","","","","","","","","","","","","","","","","","","","","","",
"Middle East & North Africa (all income levels)","MEA","Research and development expenditure (% of GDP)","GB.XPD.RSDV.GD.ZS","","","","","","","","","","","","","","","","","","","","","","","","","","","","","","","","","","","","","","","","","","","","","","","","","","","","","","","","",
"Mexico","MEX","Research and development expenditure (% of GDP)","GB.XPD.RSDV.GD.ZS","","","","","","","","","","","","","","","","","","","","","","","","","","","","","","","","","","","","","0.25923","0.28761","0.31669","0.35644","0.317","0.3385","0.38178","0.38894","0.3942","0.40356","0.37247","0.36837","0.40383","0.43065","0.45409","0.42497","0.43457","0.49808","","",
"Marshall Islands","MHL","Research and development expenditure (% of GDP)","GB.XPD.RSDV.GD.ZS","","","","","","","","","","","","","","","","","","","","","","","","","","","","","","","","","","","","","","","","","","","","","","","","","","","","","","","","",
"Middle income","MIC","Research and development expenditure (% of GDP)","GB.XPD.RSDV.GD.ZS","","","","","","","","","","","","","","","","","","","","","","","","","","","","","","","","","","","","","","","","","0.631090197924948","0.660387667121686","0.702591046571213","0.752885655145938","0.792407935280613","0.846800935692097","0.880674371315102","0.895289586606497","0.996028113601463","1.05855882822078","1.14668918816828","1.19584990938594","1.41664276982304","","","",
"Macedonia, FYR","MKD","Research and development expenditure (% of GDP)","GB.XPD.RSDV.GD.ZS","","","","","","","","","","","","","","","","","","","","","","","","","","","","","","","","","","","","","","0.37773","0.4296","0.3451","0.41888","0.2931","0.24461","0.21064","0.23237","0.22825","0.19373","0.17093","0.22358","0.19679","0.21634","0.22276","0.32676","0.44099","","",
"Mali","MLI","Research and development expenditure (% of GDP)","GB.XPD.RSDV.GD.ZS","","","","","","","","","","","","","","","","","","","","","","","","","","","","","","","","","","","","","","","","","","","","","","","","0.24915","","","0.66142","","","","","",
"Malta","MLT","Research and development expenditure (% of GDP)","GB.XPD.RSDV.GD.ZS","","","","","","","","","","","","","","","","","","","","","","","","","","","","","","","","","","","","","","","","","","","0.26036","0.25267","0.52912","0.5657","0.61592","0.57891","0.55969","0.54476","0.68477","0.72075","0.90248","0.88614","","",
"Myanmar","MMR","Research and development expenditure (% of GDP)","GB.XPD.RSDV.GD.ZS","","","","","","","","","","","","","","","","","","","","","","","","","","","","","","","","","","","","","","0.05985","0.03417","0.04406","0.11306","0.07144","0.16216","","","","","","","","","","","","","",
"Middle East & North Africa (developing only)","MNA","Research and development expenditure (% of GDP)","GB.XPD.RSDV.GD.ZS","","","","","","","","","","","","","","","","","","","","","","","","","","","","","","","","","","","","","","","","","","","","","","","","","","","0.355616383204416","","","","","",
"Montenegro","MNE","Research and development expenditure (% of GDP)","GB.XPD.RSDV.GD.ZS","","","","","","","","","","","","","","","","","","","","","","","","","","","","","","","","","","","","","","","","","","","","0.79774","1.01872","0.92443","1.24172","1.14891","","","","0.40864","","0.37829","","",
"Mongolia","MNG","Research and development expenditure (% of GDP)","GB.XPD.RSDV.GD.ZS","","","","","","","","","","","","","","","","","","","","","","","","","","","","","","","","","","","","","","0.16786","0.16643","0.15016","0.18757","0.26749","0.25173","0.2518","0.26777","0.23776","0.19121","0.23827","0.33667","0.30478","0.24438","0.23054","0.23913","0.23314","","",
"Northern Mariana Islands","MNP","Research and development expenditure (% of GDP)","GB.XPD.RSDV.GD.ZS","","","","","","","","","","","","","","","","","","","","","","","","","","","","","","","","","","","","","","","","","","","","","","","","","","","","","","","","",
"Mozambique","MOZ","Research and development expenditure (% of GDP)","GB.XPD.RSDV.GD.ZS","","","","","","","","","","","","","","","","","","","","","","","","","","","","","","","","","","","","","","","","","","","0.50421","","","","0.53299","","0.15909","","0.42398","","","","","",
"Mauritania","MRT","Research and development expenditure (% of GDP)","GB.XPD.RSDV.GD.ZS","","","","","","","","","","","","","","","","","","","","","","","","","","","","","","","","","","","","","","","","","","","","","","","","","","","","","","","","",
"Mauritius","MUS","Research and development expenditure (% of GDP)","GB.XPD.RSDV.GD.ZS","","","","","","","","","","","","","","","","","","","","","","","","","","","","","","","","","","","","","","0.27899","0.26178","0.31388","0.28903","0.36873","0.37377","0.33806","0.37932","0.37229","","","","","","","0.18125","","","",
"Malawi","MWI","Research and development expenditure (% of GDP)","GB.XPD.RSDV.GD.ZS","","","","","","","","","","","","","","","","","","","","","","","","","","","","","","","","","","","","","","","","","","","","","","","","","","","","","","","","",
"Malaysia","MYS","Research and development expenditure (% of GDP)","GB.XPD.RSDV.GD.ZS","","","","","","","","","","","","","","","","","","","","","","","","","","","","","","","","","","","","","0.21645","","0.39789","","0.469","","0.65254","","0.5999","","0.61106","","0.78847","1.01001","1.0674","1.06422","1.12668","","","",
"North America","NAC","Research and development expenditure (% of GDP)","GB.XPD.RSDV.GD.ZS","","","","","","","","","","","","","","","","","","","","","","","","","","","","","","","","","","","","","2.38250822249546","2.41060384435495","2.44612874701743","2.49076311079932","2.57028393650562","2.59960994432041","2.51396535666753","2.51221510174136","2.45345685238895","2.46356995463604","2.49865338191917","2.56118050283397","2.68065866516346","2.73731419279126","2.64873653280871","2.6627190665479","2.69361578326474","","","",
"Namibia","NAM","Research and development expenditure (% of GDP)","GB.XPD.RSDV.GD.ZS","","","","","","","","","","","","","","","","","","","","","","","","","","","","","","","","","","","","","","","","","","","","","","","","","","","0.14176","","","","","",
"New Caledonia","NCL","Research and development expenditure (% of GDP)","GB.XPD.RSDV.GD.ZS","","","","","","","","","","","","","","","","","","","","","","","","","","","","","","","","","","","","","","","","","","","","","","","","","","","","","","","","",
"Niger","NER","Research and development expenditure (% of GDP)","GB.XPD.RSDV.GD.ZS","","","","","","","","","","","","","","","","","","","","","","","","","","","","","","","","","","","","","","","","","","","","","","","","","","","","","","","","",
"Nigeria","NGA","Research and development expenditure (% of GDP)","GB.XPD.RSDV.GD.ZS","","","","","","","","","","","","","","","","","","","","","","","","","","","","","","","","","","","","","","","","","","","","","","","","0.21896","","","","","","","","",
"Nicaragua","NIC","Research and development expenditure (% of GDP)","GB.XPD.RSDV.GD.ZS","","","","","","","","","","","","","","","","","","","","","","","","","","","","","","","","","","","","","","0.0651","","","","","0.03493","","","","","","","","","","","","","",
"Netherlands","NLD","Research and development expenditure (% of GDP)","GB.XPD.RSDV.GD.ZS","","","","","","","","","","","","","","","","","","","","","","","","","","","","","","","","","","","","","1.87375","1.87641","1.76968","1.85167","1.80298","1.81768","1.77224","1.8085","1.81983","1.80743","1.77437","1.69895","1.65179","1.6851","1.72475","1.88839","1.96772","1.98223","","",
"High income: nonOECD","NOC","Research and development expenditure (% of GDP)","GB.XPD.RSDV.GD.ZS","","","","","","","","","","","","","","","","","","","","","","","","","","","","","","","","","","","","","","","","","","","","","","","0.779755635002588","0.831829416394647","0.806199165233548","0.866119204068013","","0.899550502032618","","","","",
"Norway","NOR","Research and development expenditure (% of GDP)","GB.XPD.RSDV.GD.ZS","","","","","","","","","","","","","","","","","","","","","","","","","","","","","","","","","","","","","","1.59352","","1.60533","","1.56231","1.63058","1.68036","1.54506","1.48317","1.45598","1.56478","1.5555","1.72386","1.65087","1.62754","1.62024","1.65542","","",
"Nepal","NPL","Research and development expenditure (% of GDP)","GB.XPD.RSDV.GD.ZS","","","","","","","","","","","","","","","","","","","","","","","","","","","","","","","","","","","","","","","","","","","","","","","","","0.05439","0.25924","0.3022","","","","","",
"New Zealand","NZL","Research and development expenditure (% of GDP)","GB.XPD.RSDV.GD.ZS","","","","","","","","","","","","","","","","","","","","","","","","","","","","","","","","","","","","","","1.05649","","0.96387","","1.10028","","1.14748","","1.11711","","1.16113","","1.26157","","1.24822","","","","",
"High income: OECD","OEC","Research and development expenditure (% of GDP)","GB.XPD.RSDV.GD.ZS","","","","","","","","","","","","","","","","","","","","","","","","","","","","","","","","","","","","","2.18672971213314","2.21507881016553","2.23217908771872","2.3017553252802","2.36956740583174","2.39837261740124","2.33731545823746","2.32080253375349","2.2698659520915","2.29247779149041","2.32176001519822","2.32670155540087","2.41465072579825","2.48686682031787","2.45507412404043","2.48902054992195","2.55487674693247","","","",
"OECD members","OED","Research and development expenditure (% of GDP)","GB.XPD.RSDV.GD.ZS","","","","","","","","","","","","","","","","","","","","","","","","","","","","","","","","","","","","","2.14285009060131","2.16332808061293","2.17189004460426","2.24028730709057","2.29692408002466","2.32727015100593","2.26845794891591","2.25746615754096","2.20857817984534","2.22372263547018","2.24850010279193","2.25214568105552","2.33802699891051","2.41713390192864","2.37977128193372","2.41055682888702","2.47174880978895","","","",
"Oman","OMN","Research and development expenditure (% of GDP)","GB.XPD.RSDV.GD.ZS","","","","","","","","","","","","","","","","","","","","","","","","","","","","","","","","","","","","","","","","","","","","","","","","","","","","0.13645","0.20932","0.17087","","",
"Other small states","OSS","Research and development expenditure (% of GDP)","GB.XPD.RSDV.GD.ZS","","","","","","","","","","","","","","","","","","","","","","","","","","","","","","","","","","","","","","","","","","","","","","","","","","","","","","","","",
"Pakistan","PAK","Research and development expenditure (% of GDP)","GB.XPD.RSDV.GD.ZS","","","","","","","","","","","","","","","","","","","","","","","","","","","","","","","","","","","","","","0.15565","0.10919","0.1159","0.12828","0.1667","0.21977","","","0.43689","","0.6325","","0.44806","","0.32917","","0.29151","","",
"Panama","PAN","Research and development expenditure (% of GDP)","GB.XPD.RSDV.GD.ZS","","","","","","","","","","","","","","","","","","","","","","","","","","","","","","","","","","","","","0.32834","0.31671","0.28506","0.28805","0.38398","0.38196","0.36233","0.33998","0.23979","0.24546","0.24917","0.18322","0.19273","0.13817","0.14767","0.1804","","","","",
"Peru","PER","Research and development expenditure (% of GDP)","GB.XPD.RSDV.GD.ZS","","","","","","","","","","","","","","","","","","","","","","","","","","","","","","","","","","","","","","0.08553","0.10251","0.10019","0.11435","0.11191","0.10681","0.10758","0.15595","","","","","","","","","","","",
"Philippines","PHL","Research and development expenditure (% of GDP)","GB.XPD.RSDV.GD.ZS","","","","","","","","","","","","","","","","","","","","","","","","","","","","","","","","","","","","","","","","","","","0.13744","0.12994","","0.11143","","0.10963","","","","","","","","",
"Palau","PLW","Research and development expenditure (% of GDP)","GB.XPD.RSDV.GD.ZS","","","","","","","","","","","","","","","","","","","","","","","","","","","","","","","","","","","","","","","","","","","","","","","","","","","","","","","","",
"Papua New Guinea","PNG","Research and development expenditure (% of GDP)","GB.XPD.RSDV.GD.ZS","","","","","","","","","","","","","","","","","","","","","","","","","","","","","","","","","","","","","","","","","","","","","","","","","","","","","","","","",
"Poland","POL","Research and development expenditure (% of GDP)","GB.XPD.RSDV.GD.ZS","","","","","","","","","","","","","","","","","","","","","","","","","","","","","","","","","","","","","0.65204","0.65053","0.66484","0.68785","0.64202","0.62284","0.55785","0.53884","0.55594","0.56599","0.55321","0.56228","0.60331","0.666","0.72468","0.75224","0.88823","0.8675","","",
"Puerto Rico","PRI","Research and development expenditure (% of GDP)","GB.XPD.RSDV.GD.ZS","","","","","","","","","","","","","","","","","","","","","","","","","","","","","","","","","","","","","","","","","","","","","","","","","","0.45131","","","","0.43568","","",
"Korea, Dem. People’s Rep.","PRK","Research and development expenditure (% of GDP)","GB.XPD.RSDV.GD.ZS","","","","","","","","","","","","","","","","","","","","","","","","","","","","","","","","","","","","","","","","","","","","","","","","","","","","","","","","",
"Portugal","PRT","Research and development expenditure (% of GDP)","GB.XPD.RSDV.GD.ZS","","","","","","","","","","","","","","","","","","","","","","","","","","","","","","","","","","","","","0.5495","0.5636","0.62468","0.681","0.72127","0.76452","0.72144","0.69759","0.72871","0.75707","0.95455","1.12427","1.4452","1.57973","1.53257","1.45683","1.37777","1.37054","","",
"Paraguay","PRY","Research and development expenditure (% of GDP)","GB.XPD.RSDV.GD.ZS","","","","","","","","","","","","","","","","","","","","","","","","","","","","","","","","","","","","","","","","","","0.07427","0.08525","0.07163","0.07266","0.07487","","","0.05472","","","0.05671","0.08816","","","",
"Pacific island small states","PSS","Research and development expenditure (% of GDP)","GB.XPD.RSDV.GD.ZS","","","","","","","","","","","","","","","","","","","","","","","","","","","","","","","","","","","","","","","","","","","","","","","","","","","","","","","","",
"French Polynesia","PYF","Research and development expenditure (% of GDP)","GB.XPD.RSDV.GD.ZS","","","","","","","","","","","","","","","","","","","","","","","","","","","","","","","","","","","","","","","","","","","","","","","","","","","","","","","","",
"Qatar","QAT","Research and development expenditure (% of GDP)","GB.XPD.RSDV.GD.ZS","","","","","","","","","","","","","","","","","","","","","","","","","","","","","","","","","","","","","","","","","","","","","","","","","","","","","0.47076","","","",
"Romania","ROU","Research and development expenditure (% of GDP)","GB.XPD.RSDV.GD.ZS","","","","","","","","","","","","","","","","","","","","","","","","","","","","","","","","","","","","","0.70543","0.57922","0.49048","0.40236","0.36575","0.38945","0.37784","0.386","0.3852","0.40964","0.45432","0.52339","0.57911","0.47031","0.46086","0.50059","0.48898","0.39055","","",
"Russian Federation","RUS","Research and development expenditure (% of GDP)","GB.XPD.RSDV.GD.ZS","","","","","","","","","","","","","","","","","","","","","","","","","","","","","","","","","","","","","0.96593","1.04374","0.95384","0.99624","1.04984","1.17694","1.24782","1.28603","1.15133","1.06797","1.07294","1.11611","1.04435","1.25192","1.1302","1.09069","1.12562","1.13279","","",
"Rwanda","RWA","Research and development expenditure (% of GDP)","GB.XPD.RSDV.GD.ZS","","","","","","","","","","","","","","","","","","","","","","","","","","","","","","","","","","","","","","","","","","","","","","","","","","","","","","","","",
"South Asia","SAS","Research and development expenditure (% of GDP)","GB.XPD.RSDV.GD.ZS","","","","","","","","","","","","","","","","","","","","","","","","","","","","","","","","","","","","","0.613107704366449","0.608095956701295","0.617871978804022","0.64084252275699","0.646349042039171","0.652163242996139","0.653329468723103","0.70689","0.728212121006751","0.767095947734715","0.779193652688235","0.773459103604539","0.810193038355952","0.77384308367854","0.772333581024","0.770816369324039","","","","",
"Saudi Arabia","SAU","Research and development expenditure (% of GDP)","GB.XPD.RSDV.GD.ZS","","","","","","","","","","","","","","","","","","","","","","","","","","","","","","","","","","","","","","","","","","","","0.06269","0.05315","0.0423","0.04245","0.04521","0.04902","0.07338","","","","","","",
"Sudan","SDN","Research and development expenditure (% of GDP)","GB.XPD.RSDV.GD.ZS","","","","","","","","","","","","","","","","","","","","","","","","","","","","","","","","","","","","","","","","","","","","","","","","","","","","","","","","",
"Senegal","SEN","Research and development expenditure (% of GDP)","GB.XPD.RSDV.GD.ZS","","","","","","","","","","","","","","","","","","","","","","","","","","","","","","","","","","","","","","","","","","","","","","","","","0.36834","","0.54086","","","","","",
"Singapore","SGP","Research and development expenditure (% of GDP)","GB.XPD.RSDV.GD.ZS","","","","","","","","","","","","","","","","","","","","","","","","","","","","","","","","","","","","","1.31843","1.41508","1.73749","1.81628","1.82155","2.02076","2.06807","2.02636","2.10459","2.16067","2.13328","2.33699","2.62081","2.15925","2.01297","2.15055","1.99947","","","",
"Solomon Islands","SLB","Research and development expenditure (% of GDP)","GB.XPD.RSDV.GD.ZS","","","","","","","","","","","","","","","","","","","","","","","","","","","","","","","","","","","","","","","","","","","","","","","","","","","","","","","","",
"Sierra Leone","SLE","Research and development expenditure (% of GDP)","GB.XPD.RSDV.GD.ZS","","","","","","","","","","","","","","","","","","","","","","","","","","","","","","","","","","","","","","","","","","","","","","","","","","","","","","","","",
"El Salvador","SLV","Research and development expenditure (% of GDP)","GB.XPD.RSDV.GD.ZS","","","","","","","","","","","","","","","","","","","","","","","","","","","","","","","","","","","","","","","0.08031","","","","","","","","","0.08935","0.11245","0.07744","0.06723","0.03112","0.03051","","","",
"San Marino","SMR","Research and development expenditure (% of GDP)","GB.XPD.RSDV.GD.ZS","","","","","","","","","","","","","","","","","","","","","","","","","","","","","","","","","","","","","","","","","","","","","","","","","","","","","","","","",
"Somalia","SOM","Research and development expenditure (% of GDP)","GB.XPD.RSDV.GD.ZS","","","","","","","","","","","","","","","","","","","","","","","","","","","","","","","","","","","","","","","","","","","","","","","","","","","","","","","","",
"Serbia","SRB","Research and development expenditure (% of GDP)","GB.XPD.RSDV.GD.ZS","","","","","","","","","","","","","","","","","","","","","","","","","","","","","","","","","","","","","","0.75404","0.80135","0.99719","0.89807","0.32119","0.67954","0.52138","0.30444","0.41685","0.46678","0.35036","0.3731","0.86613","0.74427","0.72439","0.90691","0.72684","","",
"Sub-Saharan Africa (developing only)","SSA","Research and development expenditure (% of GDP)","GB.XPD.RSDV.GD.ZS","","","","","","","","","","","","","","","","","","","","","","","","","","","","","","","","","","","","","","","","","","","","","","","","0.549182417584244","","","","","","","","",
"South Sudan","SSD","Research and development expenditure (% of GDP)","GB.XPD.RSDV.GD.ZS","","","","","","","","","","","","","","","","","","","","","","","","","","","","","","","","","","","","","","","","","","","","","","","","","","","","","","","","",
"Sub-Saharan Africa (all income levels)","SSF","Research and development expenditure (% of GDP)","GB.XPD.RSDV.GD.ZS","","","","","","","","","","","","","","","","","","","","","","","","","","","","","","","","","","","","","","","","","","","","","","","","0.549182417584244","","","","","","","","",
"Small states","SST","Research and development expenditure (% of GDP)","GB.XPD.RSDV.GD.ZS","","","","","","","","","","","","","","","","","","","","","","","","","","","","","","","","","","","","","","","","","","","","","","","","","","","","","","","","",
"Sao Tome and Principe","STP","Research and development expenditure (% of GDP)","GB.XPD.RSDV.GD.ZS","","","","","","","","","","","","","","","","","","","","","","","","","","","","","","","","","","","","","","","","","","","","","","","","","","","","","","","","",
"Suriname","SUR","Research and development expenditure (% of GDP)","GB.XPD.RSDV.GD.ZS","","","","","","","","","","","","","","","","","","","","","","","","","","","","","","","","","","","","","","","","","","","","","","","","","","","","","","","","",
"Slovak Republic","SVK","Research and development expenditure (% of GDP)","GB.XPD.RSDV.GD.ZS","","","","","","","","","","","","","","","","","","","","","","","","","","","","","","","","","","","","","0.89292","1.0529","0.76629","0.64569","0.63938","0.62571","0.56291","0.56152","0.50072","0.49417","0.47662","0.44966","0.46432","0.47492","0.61956","0.66767","0.81073","0.83007","","",
"Slovenia","SVN","Research and development expenditure (% of GDP)","GB.XPD.RSDV.GD.ZS","","","","","","","","","","","","","","","","","","","","","","","","","","","","","","","","","","","","","1.26633","1.24727","1.30637","1.33813","1.3563","1.46773","1.43873","1.24528","1.36806","1.41229","1.53291","1.42382","1.62564","1.81629","2.0595","2.42542","2.5782","2.58689","","",
"Sweden","SWE","Research and development expenditure (% of GDP)","GB.XPD.RSDV.GD.ZS","","","","","","","","","","","","","","","","","","","","","","","","","","","","","","","","","","","","","","3.31935","","3.42157","","3.91382","","3.61438","3.39134","3.39023","3.50032","3.25661","3.49525","3.41574","3.21611","3.22403","3.28134","3.30158","","",
"Swaziland","SWZ","Research and development expenditure (% of GDP)","GB.XPD.RSDV.GD.ZS","","","","","","","","","","","","","","","","","","","","","","","","","","","","","","","","","","","","","","","","","","","","","","","","","","","","","","","","",
"Sint Maarten (Dutch part)","SXM","Research and development expenditure (% of GDP)","GB.XPD.RSDV.GD.ZS","","","","","","","","","","","","","","","","","","","","","","","","","","","","","","","","","","","","","","","","","","","","","","","","","","","","","","","","",
"Seychelles","SYC","Research and development expenditure (% of GDP)","GB.XPD.RSDV.GD.ZS","","","","","","","","","","","","","","","","","","","","","","","","","","","","","","","","","","","","","","","","","","0.42525","0.40707","0.41183","0.34658","0.30209","","","","","","","","","","",
"Syrian Arab Republic","SYR","Research and development expenditure (% of GDP)","GB.XPD.RSDV.GD.ZS","","","","","","","","","","","","","","","","","","","","","","","","","","","","","","","","","","","","","","","","","","","","","","","","","","","","","","","","",
"Turks and Caicos Islands","TCA","Research and development expenditure (% of GDP)","GB.XPD.RSDV.GD.ZS","","","","","","","","","","","","","","","","","","","","","","","","","","","","","","","","","","","","","","","","","","","","","","","","","","","","","","","","",
"Chad","TCD","Research and development expenditure (% of GDP)","GB.XPD.RSDV.GD.ZS","","","","","","","","","","","","","","","","","","","","","","","","","","","","","","","","","","","","","","","","","","","","","","","","","","","","","","","","",
"Togo","TGO","Research and development expenditure (% of GDP)","GB.XPD.RSDV.GD.ZS","","","","","","","","","","","","","","","","","","","","","","","","","","","","","","","","","","","","","","","","","","","","","","","","","","","0.25349","","0.22083","","","",
"Thailand","THA","Research and development expenditure (% of GDP)","GB.XPD.RSDV.GD.ZS","","","","","","","","","","","","","","","","","","","","","","","","","","","","","","","","","","","","","0.11989","0.10166","","0.25654","0.25202","0.2627","0.24404","0.26192","0.25535","0.23498","0.24919","0.21378","","0.25056","","0.38776","","","","",
"Tajikistan","TJK","Research and development expenditure (% of GDP)","GB.XPD.RSDV.GD.ZS","","","","","","","","","","","","","","","","","","","","","","","","","","","","","","","","","","","","","","","","","","0.08953","0.07068","0.0689","0.06697","0.0957","0.10732","0.06778","0.06983","0.08577","0.08914","0.12148","0.1142","0.1177","","",
"Turkmenistan","TKM","Research and development expenditure (% of GDP)","GB.XPD.RSDV.GD.ZS","","","","","","","","","","","","","","","","","","","","","","","","","","","","","","","","","","","","","","","","","","","","","","","","","","","","","","","","",
"Timor-Leste","TLS","Research and development expenditure (% of GDP)","GB.XPD.RSDV.GD.ZS","","","","","","","","","","","","","","","","","","","","","","","","","","","","","","","","","","","","","","","","","","","","","","","","","","","","","","","","",
"Tonga","TON","Research and development expenditure (% of GDP)","GB.XPD.RSDV.GD.ZS","","","","","","","","","","","","","","","","","","","","","","","","","","","","","","","","","","","","","","","","","","","","","","","","","","","","","","","","",
"Trinidad and Tobago","TTO","Research and development expenditure (% of GDP)","GB.XPD.RSDV.GD.ZS","","","","","","","","","","","","","","","","","","","","","","","","","","","","","","","","","","","","","0.10325","0.11553","0.12715","0.12292","0.12614","0.11762","0.12933","0.11325","0.11496","0.09396","0.05526","0.04589","0.03072","0.05665","0.05137","0.04348","0.04856","","","",
"Tunisia","TUN","Research and development expenditure (% of GDP)","GB.XPD.RSDV.GD.ZS","","","","","","","","","","","","","","","","","","","","","","","","","","","","","","","","","","","","","0.304729998111725","0.387479990720749","0.39028999209404","0.397560000419617","0.414499998092651","0.481940001249313","0.53797","0.65021","0.73123","0.71171","0.67748","0.66591","0.63871","0.70726","0.68405","0.70645","0.67933","","","",
"Turkey","TUR","Research and development expenditure (% of GDP)","GB.XPD.RSDV.GD.ZS","","","","","","","","","","","","","","","","","","","","","","","","","","","","","","","","","","","","","0.45159","0.49169","0.37095","0.46767","0.47909","0.53779","0.52594","0.48311","0.51831","0.59104","0.58016","0.72241","0.72518","0.84902","0.84343","0.85952","0.92196","0.94477","","",
"Tuvalu","TUV","Research and development expenditure (% of GDP)","GB.XPD.RSDV.GD.ZS","","","","","","","","","","","","","","","","","","","","","","","","","","","","","","","","","","","","","","","","","","","","","","","","","","","","","","","","",
"Tanzania","TZA","Research and development expenditure (% of GDP)","GB.XPD.RSDV.GD.ZS","","","","","","","","","","","","","","","","","","","","","","","","","","","","","","","","","","","","","","","","","","","","","","","","0.33994","","","0.38025","","","","","",
"Uganda","UGA","Research and development expenditure (% of GDP)","GB.XPD.RSDV.GD.ZS","","","","","","","","","","","","","","","","","","","","","","","","","","","","","","","","","","","","","","","","","","","0.36756","0.25612","0.26056","0.21514","0.30033","0.38821","0.32632","0.35906","0.47567","","","","","",
"Ukraine","UKR","Research and development expenditure (% of GDP)","GB.XPD.RSDV.GD.ZS","","","","","","","","","","","","","","","","","","","","","","","","","","","","","","","","","","","","","","1.1923","1.06993","0.96968","0.96213","1.02329","0.9982","1.11179","1.08152","1.16896","0.94908","0.85319","0.84644","0.85644","0.83098","0.7378","0.75167","0.76175","","",
"Upper middle income","UMC","Research and development expenditure (% of GDP)","GB.XPD.RSDV.GD.ZS","","","","","","","","","","","","","","","","","","","","","","","","","","","","","","","","","","","","","","","","","0.669014049589643","0.688473112270297","0.731687663761767","0.772698685828159","0.810324298081794","0.884316983387482","0.910883607525806","0.966433141616161","1.04166803317005","1.17214441125721","1.23016788841972","1.28872475051715","1.44981693616485","1.64057333157307","","",
"Uruguay","URY","Research and development expenditure (% of GDP)","GB.XPD.RSDV.GD.ZS","","","","","","","","","","","","","","","","","","","","","","","","","","","","","","","","","","","","","0.26501","0.34994","0.19186","0.22417","0.20925","","0.23818","","","","0.35919","0.39948","0.36265","0.42266","0.39501","0.41679","0.23436","","","",
"United States","USA","Research and development expenditure (% of GDP)","GB.XPD.RSDV.GD.ZS","","","","","","","","","","","","","","","","","","","","","","","","","","","","","","","","","","","","","2.44182","2.47091","2.49675","2.54174","2.6205","2.63832","2.54968","2.55287","2.48995","2.50599","2.55002","2.62692","2.76683","2.81578","2.73716","2.76547","2.80604","","","",
"Uzbekistan","UZB","Research and development expenditure (% of GDP)","GB.XPD.RSDV.GD.ZS","","","","","","","","","","","","","","","","","","","","","","","","","","","","","","","","","","","","","","","","","","","","","","","","","","","","","","","","",
"St. Vincent and the Grenadines","VCT","Research and development expenditure (% of GDP)","GB.XPD.RSDV.GD.ZS","","","","","","","","","","","","","","","","","","","","","","","","","","","","","","","","","","","","","","","","","","0.04306","0.12028","","","","","","","","","","","","","",
"Venezuela, RB","VEN","Research and development expenditure (% of GDP)","GB.XPD.RSDV.GD.ZS","","","","","","","","","","","","","","","","","","","","","","","","","","","","","","","","","","","","","","","","","","","","","","","","","","","","","","","","",
"Virgin Islands (U.S.)","VIR","Research and development expenditure (% of GDP)","GB.XPD.RSDV.GD.ZS","","","","","","","","","","","","","","","","","","","","","","","","","","","","","","","","","","","","","","","","","","","","","","","","","","","","","","","","",
"Vietnam","VNM","Research and development expenditure (% of GDP)","GB.XPD.RSDV.GD.ZS","","","","","","","","","","","","","","","","","","","","","","","","","","","","","","","","","","","","","","","","","","","0.17808","","","","","","","","","0.19044","","","","",
"Vanuatu","VUT","Research and development expenditure (% of GDP)","GB.XPD.RSDV.GD.ZS","","","","","","","","","","","","","","","","","","","","","","","","","","","","","","","","","","","","","","","","","","","","","","","","","","","","","","","","",
"West Bank and Gaza","PSE","Research and development expenditure (% of GDP)","GB.XPD.RSDV.GD.ZS","","","","","","","","","","","","","","","","","","","","","","","","","","","","","","","","","","","","","","","","","","","","","","","","","","","","","","","","",
"World","WLD","Research and development expenditure (% of GDP)","GB.XPD.RSDV.GD.ZS","","","","","","","","","","","","","","","","","","","","","","","","","","","","","","","","","","","","","1.98748898897237","1.98389840758757","2.00056450930969","2.07624938930922","2.0774564483069","2.09789467756826","2.06138253442277","2.04834590769575","1.99878203744452","1.98886409441585","1.995819196694","1.96566231519046","2.02803926212822","2.06326908796535","2.0551131910389","2.05735657981616","2.17617015035079","","","",
"Samoa","WSM","Research and development expenditure (% of GDP)","GB.XPD.RSDV.GD.ZS","","","","","","","","","","","","","","","","","","","","","","","","","","","","","","","","","","","","","","","","","","","","","","","","","","","","","","","","",
"Yemen, Rep.","YEM","Research and development expenditure (% of GDP)","GB.XPD.RSDV.GD.ZS","","","","","","","","","","","","","","","","","","","","","","","","","","","","","","","","","","","","","","","","","","","","","","","","","","","","","","","","",
"South Africa","ZAF","Research and development expenditure (% of GDP)","GB.XPD.RSDV.GD.ZS","","","","","","","","","","","","","","","","","","","","","","","","","","","","","","","","","","","","","","0.58354","","","","0.71578","","0.76051","0.81334","0.86315","0.89815","0.88287","0.88816","0.83562","0.73704","0.7342","0.73168","","","",
"Congo, Dem. Rep.","COD","Research and development expenditure (% of GDP)","GB.XPD.RSDV.GD.ZS","","","","","","","","","","","","","","","","","","","","","","","","","","","","","","","","","","","","","","","","","","","","","0.26777","0.05799","0.0611","0.1392","0.08503","0.07987","","","","","","",
"Zambia","ZMB","Research and development expenditure (% of GDP)","GB.XPD.RSDV.GD.ZS","","","","","","","","","","","","","","","","","","","","","","","","","","","","","","","","","","","","","0.01104","0.00737","","","","","0.00544","0.00847","0.02223","0.02493","","","0.27819","","","","","","","",
"Zimbabwe","ZWE","Research and development expenditure (% of GDP)","GB.XPD.RSDV.GD.ZS","","","","","","","","","","","","","","","","","","","","","","","","","","","","","","","","","","","","","","","","","","","","","","","","","","","","","","","","",
